{
  "project_info": {
    "project_number": "317182263850",
    "project_id": "gcp-receipt-audit",
    "storage_bucket": "gcp-receipt-audit.appspot.com"
  },
  "client": [
    {
      "client_info": {
        "mobilesdk_app_id": "1:317182263850:android:6ba27b70b814ace2deb953",
        "android_client_info": {
          "package_name": "com.walmart.stores.receiptaudit.beta"
        }
      },
      "oauth_client": [
        {
          "client_id": "317182263850-hjfuul7o2ak894tgdtteukq3iim1308r.apps.googleusercontent.com",
          "client_type": 3
        }
      ],
      "api_key": [
        {
          "current_key": "AIzaSyAHat01CPqkaSw-YpcAHmgMH6jICokUXQk"
        }
      ],
      "services": {
        "appinvite_service": {
          "other_platform_oauth_client": [
            {
              "client_id": "317182263850-hjfuul7o2ak894tgdtteukq3iim1308r.apps.googleusercontent.com",
              "client_type": 3
            }
          ]
        }
      }
    }
  ],
  "configuration_version": "1"
}